198,670,975,870,754,327,497,851,630,718,988,843,363,366,489,875,426,508,131,662,126,704,855,884,871,951,760,131,29,557,883,536,316,652,766,316,494,25,474,20,130,283,22,440,261,630,415,266,494,705,433,159,807,909,768,843,909,629,702,189,940,622,981,922,873,877,622,660,621,22,565,25,237,421,899,483,393,254,967,470,350,968,285,77,787,268,555,44,49,303,515,947,679,0,934,809,539,385,214,158
384,900,310,262,546,652,919,247,387,631,378,634,195,114,75,722,25,651,486,428,370,90,343,185,61,795,150,864,726,707,402,813,226,348,4,713,528,196,549,56,259,549,285,912,142,928,651,577,743,408,299,115,409,722,188,115,831,682,626,164,961,730,584,515,81,270,91,300,176,55,34,28,334,121,68,555,157,805,803,36,991,210,398,953,955,508,641,3,16,202,879,517,680,946,375,765,603,702,339,114
137,701,826,162,562,323,515,15,124,897,606,644,100,875,350,528,534,289,673,991,324,517,873,480,558,783,467,898,616,79,998,793,673,363,695,396,37,837,813,446,598,493,379,619,967,455,235,230,68,664,582,96,507,628,624,671,702,56,337,182,928,520,523,29,536,332,156,769,128,941,880,765,236,641,298,225,3,724,85,167,254,80,124,562,285,951,470,524,905,913,750,275,183,142,174,35,449,506,438,258
840,984,148,792,554,776,569,521,613,272,124,141,79,997,774,268,457,283,835,289,966,58,673,104,919,838,483,780,740,85,826,58,258,53,106,9,820,469,640,883,92,413,606,108,438,792,562,998,892,432,927,378,223,217,116,749,840,249,728,430,257,871,553,754,361,800,994,471,212,301,205,666,933,396,543,446,243,444,287,750,993,956,77,904,240,546,598,611,927,263,369,323,849,352,546,922,71,984,217,484
364,558,957,176,966,241,284,552,212,985,525,586,772,347,185,60,901,525,312,392,520,361,317,811,898,793,999,854,796,382,54,220,342,279,188,611,699,818,508,306,115,377,698,647,568,382,850,541,597,170,851,224,143,244,761,176,881,765,976,693,835,242,181,278,566,467,72,870,65,953,617,97,50,727,658,3,421,7,685,624,387,862,822,74,360,327,594,822,300,421,873,775,649,398,158,685,65,884,228,835
19,597,201,897,121,563,680,431,707,655,129,715,43,640,182,466,13,360,640,121,647,916,997,487,156,124,623,825,764,229,940,176,441,615,364,178,848,791,863,991,253,413,562,897,76,974,797,5,568,191,902,565,69,128,603,506,353,105,279,978,818,313,123,180,910,238,635,61,735,608,604,900,723,634,725,780,667,16,692,532,309,570,178,814,452,834,475,313,653,29,72,120,41,352,363,78,104,774,534,779
962,899,986,317,594,715,43,702,862,254,774,122,288,890,8,523,500,603,975,271,636,749,651,611,667,916,784,901,750,233,0,841,531,820,983,472,232,929,517,988,345,484,340,601,665,770,796,889,613,601,614,653,831,623,412,558,46,856,511,768,918,306,133,399,934,555,171,262,266,119,813,88,120,337,720,54,567,44,260,634,0,618,375,951,644,383,503,573,258,726,899,829,129,351,390,470,936,816,233,541
343,767,78,65,254,159,994,990,496,214,56,37,29,137,503,616,757,19,296,446,9,324,442,78,100,433,508,239,670,893,714,736,657,715,268,332,363,867,333,528,584,615,272,253,561,777,767,232,846,523,969,791,659,999,819,227,784,518,586,224,399,994,13,865,291,329,890,999,729,967,31,239,243,448,947,903,229,706,585,943,586,20,668,303,458,408,107,655,789,608,101,72,232,279,718,828,131,129,355,482
44,774,514,994,199,834,798,878,906,598,841,126,294,377,925,183,601,731,537,247,552,535,387,330,435,226,712,601,766,921,383,177,677,358,758,910,897,42,71,268,398,982,341,298,907,519,748,624,362,510,523,109,578,999,4,256,18,710,477,838,99,582,486,685,718,693,547,541,227,785,810,969,111,900,856,981,467,410,295,880,695,857,654,518,665,13,925,486,965,355,854,707,423,318,640,362,581,468,35,790
199,874,583,645,17,480,85,628,964,160,761,182,696,448,81,919,985,221,414,716,418,163,989,585,839,524,293,897,452,647,257,630,966,240,307,951,594,301,531,801,78,806,619,192,734,33,828,277,540,253,519,159,607,308,48,668,644,63,336,386,749,14,352,972,852,506,477,777,145,872,875,982,599,855,228,237,717,744,417,472,343,242,346,49,454,546,110,626,472,872,494,193,898,30,21,452,484,829,274,693
939,389,682,430,399,584,664,145,598,503,697,43,938,566,581,312,921,91,788,720,46,514,275,955,479,768,773,983,348,151,939,216,385,62,77,119,821,144,951,592,464,284,168,395,291,28,318,876,711,131,357,520,582,439,569,226,806,331,825,367,856,493,143,156,312,998,924,381,120,280,399,896,666,513,206,250,608,571,377,550,740,421,302,686,805,360,227,608,868,901,348,491,647,613,26,292,528,272,432,440
364,396,771,832,469,15,242,106,689,445,662,801,733,167,847,944,400,318,953,65,101,391,797,553,570,464,521,333,996,895,903,834,527,95,210,457,135,850,686,971,854,608,676,443,695,338,431,915,826,399,579,666,986,609,453,621,538,104,927,387,27,649,585,405,326,298,442,673,788,989,247,250,703,835,484,712,761,586,603,576,472,399,685,446,705,809,911,800,419,965,929,909,343,124,331,651,88,299,527,730
65,148,544,877,198,964,120,176,382,462,943,185,634,824,893,139,763,133,624,942,688,705,651,568,161,939,556,514,901,267,471,987,352,879,128,424,542,117,622,409,274,608,325,216,687,612,631,544,26,992,549,412,693,27,699,421,146,771,871,818,78,972,183,59,466,213,946,265,334,248,235,275,680,983,829,809,334,110,225,253,504,55,465,217,751,298,722,28,483,377,692,65,691,132,941,349,370,934,337,366
524,765,777,146,295,363,285,118,102,280,340,161,759,558,143,314,630,678,432,516,163,85,626,488,887,579,313,445,71,663,839,179,836,868,825,746,889,856,123,55,65,985,970,601,791,486,151,899,683,905,153,354,858,406,998,51,490,791,433,262,254,601,360,894,953,250,877,614,78,581,462,216,506,11,223,881,996,134,111,303,43,468,350,558,563,675,430,640,944,794,390,469,507,778,481,564,224,705,757,353
944,77,701,494,679,335,994,68,917,344,951,200,648,452,13,237,308,584,360,428,180,768,617,825,44,606,239,67,268,314,183,486,518,403,240,705,41,476,180,117,494,474,427,524,507,860,446,564,792,863,241,935,756,43,676,244,478,925,756,951,469,280,576,173,744,793,79,858,917,773,381,404,573,278,519,970,122,932,767,60,540,718,847,381,596,338,651,298,143,882,382,246,606,581,765,834,29,35,490,770
2,872,208,19,598,590,980,38,512,662,981,319,216,715,512,97,869,767,732,922,338,200,376,752,700,108,721,670,374,788,66,408,516,889,822,797,143,230,247,448,7,367,478,538,55,222,954,879,877,716,242,581,472,46,515,459,568,515,520,393,702,865,898,799,701,807,776,600,303,327,303,762,195,710,226,268,620,173,600,884,406,835,939,766,736,288,812,166,705,487,938,147,590,435,296,781,647,217,46,741
228,985,508,33,212,91,883,529,148,294,585,515,866,791,4,8,1,578,170,340,981,994,812,491,820,854,861,857,648,829,351,773,950,221,938,838,293,673,582,349,74,917,672,236,99,791,904,968,576,452,785,433,628,435,719,894,823,397,991,549,811,200,215,705,5,744,192,772,706,864,272,19,550,125,989,839,75,260,985,596,71,441,873,707,490,770,761,224,457,608,404,904,446,198,55,503,154,382,793,742
893,785,255,348,3,312,876,225,994,672,765,332,145,165,164,781,435,299,434,732,40,556,449,803,5,351,722,217,957,944,88,557,756,782,580,400,201,304,560,960,678,409,95,154,985,277,900,608,593,850,877,234,527,425,769,732,197,829,29,917,742,704,338,3,426,709,186,502,816,149,85,682,218,888,847,944,479,938,575,852,324,213,233,197,530,505,880,296,586,785,153,176,827,558,999,623,12,958,991,275
943,906,61,311,955,272,704,327,714,252,367,61,584,734,307,422,216,407,148,632,928,520,820,747,258,740,45,30,156,485,237,384,985,939,389,349,504,495,701,157,267,19,465,718,355,864,776,610,868,892,527,943,756,875,382,220,76,372,180,8,784,236,661,653,185,963,352,272,289,511,71,223,337,186,572,581,842,72,42,593,814,778,968,193,481,511,805,848,612,997,1,526,308,601,434,282,248,731,852,626
115,204,688,113,780,780,229,444,826,790,627,842,203,445,525,261,199,413,2,123,368,987,457,546,983,550,883,731,317,656,390,162,714,448,430,417,883,873,991,840,544,966,793,989,365,86,3,128,226,72,699,911,255,407,694,302,384,425,54,266,135,498,338,23,856,806,408,723,817,962,322,603,394,40,305,608,695,218,8,233,258,916,455,316,730,56,806,155,939,152,677,546,591,590,36,224,130,900,665,109
13,936,397,434,662,504,932,851,942,16,764,706,914,175,641,741,57,301,891,743,274,60,561,884,327,167,902,488,914,668,557,760,26,673,684,251,416,72,47,634,771,206,207,427,705,520,764,475,842,683,851,820,52,390,712,260,344,168,720,820,128,362,501,120,315,32,324,347,809,499,995,976,444,367,124,888,468,386,153,761,885,285,285,633,180,805,556,195,862,288,310,324,762,632,580,857,424,147,675,778
801,826,203,807,867,355,978,218,836,673,524,493,543,184,635,765,791,139,205,580,847,651,909,496,752,63,382,774,9,581,352,726,160,598,965,155,255,78,224,829,739,199,116,905,249,729,933,673,415,30,438,314,403,181,372,808,521,153,496,222,131,617,644,308,998,419,981,94,491,624,485,355,221,752,667,344,154,386,232,171,149,778,535,327,806,263,629,258,113,921,113,596,910,944,424,404,867,693,714,984
352,204,849,79,850,500,805,336,395,772,140,450,156,355,773,328,127,656,953,407,545,238,305,469,243,424,447,104,34,439,660,422,570,7,857,473,141,936,497,125,723,296,806,252,618,609,344,603,128,756,940,615,502,863,309,522,13,608,315,83,880,943,734,573,28,879,366,793,232,860,773,397,794,644,995,86,151,650,278,455,244,48,57,190,219,855,595,630,241,581,851,584,32,440,637,560,172,629,803,536
265,642,255,72,314,257,675,381,419,573,685,958,607,264,652,464,293,656,359,559,965,944,111,745,654,860,438,897,454,489,679,125,614,913,296,991,893,336,433,180,633,175,466,696,155,672,587,448,146,841,644,97,491,946,48,657,417,334,339,818,268,415,642,980,119,469,160,904,644,520,138,467,143,130,421,294,854,23,190,643,760,955,900,46,565,42,787,245,701,239,399,277,237,678,291,418,538,166,402,923
890,321,264,802,70,264,682,61,562,954,97,714,66,676,484,868,316,346,434,943,609,260,523,395,906,853,109,819,126,982,280,965,477,90,286,509,823,778,413,654,545,738,166,733,412,932,652,929,150,874,193,355,867,157,771,749,508,426,586,234,108,182,186,330,338,833,100,992,392,521,889,594,270,493,767,491,576,698,713,234,760,65,701,511,135,469,249,470,157,835,709,235,474,927,16,562,545,29,697,23
373,79,626,397,776,213,479,889,214,953,146,772,380,334,119,149,622,814,9,493,642,924,880,163,45,905,960,239,577,243,709,400,760,810,29,575,944,228,750,756,784,740,174,593,689,375,871,511,523,82,0,334,428,808,108,483,382,982,413,476,418,527,858,573,403,578,962,632,171,208,535,111,786,573,586,299,543,730,588,910,833,266,667,492,355,384,495,833,49,310,805,337,156,852,559,188,263,198,291,872
90,522,653,807,57,155,593,351,255,987,999,763,509,414,117,296,676,771,581,540,433,593,622,295,498,578,291,926,112,255,725,245,703,399,815,714,456,342,321,581,191,105,855,432,318,994,389,667,305,8,231,11,330,119,746,154,887,938,849,375,469,248,966,356,318,761,547,805,233,528,675,237,568,256,344,174,443,835,777,374,60,654,186,755,785,646,365,135,54,491,482,258,500,63,10,413,13,403,899,91
529,607,913,766,152,184,651,730,421,962,834,515,63,565,93,431,300,351,390,941,397,878,439,183,171,706,133,704,901,272,204,115,26,205,727,250,955,713,473,451,315,488,605,915,837,461,813,596,533,411,257,889,190,71,563,427,780,862,618,699,424,78,626,207,505,593,449,746,14,307,36,562,224,383,303,659,410,305,850,778,763,966,231,649,88,39,530,878,748,958,452,262,707,921,161,655,808,601,357,302
492,879,222,715,550,845,126,876,500,165,494,574,236,56,664,803,339,108,232,847,540,745,394,551,83,4,653,512,340,791,359,349,568,405,6,28,470,7,858,672,955,813,987,599,32,854,454,182,499,282,303,933,576,45,471,242,732,114,866,860,578,547,989,623,134,521,841,11,969,608,454,754,389,585,877,102,155,491,524,831,843,84,387,205,159,250,15,696,244,947,999,16,609,599,714,162,674,924,704,384
925,580,16,272,820,73,319,691,785,66,800,203,394,557,507,606,89,152,760,973,630,427,845,551,348,421,884,34,433,396,153,105,575,71,768,283,910,231,662,199,709,91,321,719,248,11,19,806,876,492,181,223,520,707,238,479,949,304,383,175,420,535,875,941,545,673,811,541,309,17,624,927,562,79,938,855,632,124,238,278,685,978,2,471,946,877,141,959,842,611,819,837,365,162,955,934,217,531,613,566
198,205,998,904,155,857,203,953,170,768,859,633,126,821,48,805,441,163,386,412,149,272,914,213,204,160,802,507,613,309,645,976,378,851,669,531,369,429,297,859,299,281,254,502,448,70,800,673,760,949,973,809,65,388,948,729,691,649,506,759,336,98,98,783,270,783,974,42,694,814,501,850,92,536,194,396,419,218,504,509,274,96,833,651,271,301,196,941,148,550,174,390,787,487,366,550,122,368,787,328
959,358,458,262,934,20,93,929,216,239,322,186,418,586,710,313,120,513,987,162,712,785,911,854,971,614,680,857,156,660,563,290,865,453,223,867,730,620,451,935,521,556,502,545,448,366,774,597,827,919,366,50,59,175,894,412,6,81,781,935,401,749,898,219,880,987,814,104,291,428,418,328,457,611,102,362,455,869,966,214,790,102,270,695,76,484,615,748,976,966,931,270,326,365,978,43,826,92,11,736
251,424,86,379,241,305,429,27,254,922,303,76,773,213,722,968,177,79,954,314,921,383,6,545,834,445,358,179,822,790,348,604,32,942,241,380,931,232,353,708,42,276,16,663,102,571,203,867,118,505,665,595,983,213,804,505,711,286,26,123,635,406,715,404,884,448,875,682,458,36,468,939,107,540,649,338,110,629,828,559,94,283,907,179,385,571,351,313,928,775,158,340,874,476,88,498,908,605,354,954
638,669,654,374,583,335,557,25,864,993,705,308,56,412,7,683,376,980,721,453,411,90,566,634,94,457,147,868,93,599,468,247,335,651,670,763,511,19,947,507,66,525,907,70,259,111,546,981,469,124,106,206,15,580,80,542,932,721,778,852,52,649,607,238,709,366,223,344,771,467,140,898,620,112,955,390,644,806,246,658,148,809,397,692,869,826,599,846,672,496,701,779,424,131,274,547,195,768,809,128
441,251,392,368,709,946,203,882,924,679,452,250,262,688,806,978,357,153,78,827,849,858,2,854,921,261,632,105,582,814,710,100,277,117,197,691,304,482,377,261,651,39,206,470,76,787,342,63,467,225,63,880,161,771,293,276,541,649,36,560,74,785,137,15,485,471,486,938,219,374,155,878,717,410,809,73,603,145,180,645,586,34,10,318,252,603,361,19,976,197,29,953,943,646,662,523,402,958,272,878
719,484,653,275,573,469,464,832,4,167,55,628,791,783,931,150,25,531,583,655,26,576,118,167,419,754,220,86,201,171,308,364,959,517,639,380,976,636,7,264,648,707,309,811,110,775,415,868,463,246,872,432,508,672,6,306,961,16,540,287,170,434,460,998,490,966,577,859,18,308,84,380,794,261,866,483,971,908,867,76,217,874,864,861,615,794,801,796,680,718,954,565,664,996,600,902,681,88,78,80
842,207,640,516,763,599,161,930,874,751,573,302,956,454,380,488,44,403,333,67,864,646,960,84,231,13,584,47,569,523,169,96,269,453,109,809,767,916,262,149,0,234,129,719,563,322,170,401,121,530,116,446,33,188,420,20,999,858,623,903,56,399,558,764,52,513,246,500,103,960,133,993,725,874,809,116,947,266,371,434,294,994,604,604,19,276,493,711,240,336,779,718,566,17,796,212,583,537,518,641
52,742,293,765,531,992,550,898,284,949,812,718,910,202,513,300,429,69,301,411,800,447,683,246,413,412,68,457,817,40,654,824,917,348,779,174,514,541,218,532,372,398,389,857,128,645,548,892,637,693,248,492,236,392,323,665,803,3,863,550,47,143,972,533,259,415,193,272,730,737,550,180,633,573,174,12,267,52,583,159,962,362,413,151,767,928,806,441,487,371,552,330,802,361,440,780,245,56,392,216
117,133,618,912,544,660,550,239,332,662,297,988,757,111,842,52,320,769,325,233,261,732,332,994,802,499,532,666,845,809,561,394,578,490,663,49,283,586,309,831,164,664,410,809,399,837,207,174,997,346,83,832,883,525,840,396,408,739,335,78,128,783,536,295,361,778,378,370,916,135,196,740,215,408,410,433,763,443,500,147,574,58,534,741,850,821,192,576,980,785,349,289,836,173,314,769,814,963,856,301
440,801,235,844,442,735,100,202,784,621,351,552,443,831,973,116,29,590,618,817,651,291,142,306,344,962,872,692,124,613,59,399,744,842,146,866,105,312,267,246,43,34,112,338,217,350,731,335,671,800,539,272,657,531,289,824,602,648,772,42,822,649,258,356,324,452,561,255,337,987,611,613,30,526,157,605,851,892,193,122,162,978,434,566,153,274,687,115,446,588,434,760,300,765,630,587,907,362,48,662
922,154,486,389,24,844,900,621,810,113,162,360,875,763,43,661,171,827,865,61,110,854,889,837,226,201,654,67,844,323,317,872,460,831,945,728,440,31,572,782,524,392,750,518,631,966,201,417,133,647,551,982,54,837,730,503,559,499,278,188,962,612,752,502,390,428,332,533,86,356,801,51,412,26,335,319,434,452,260,426,227,346,689,53,761,690,744,308,4,175,175,255,185,861,578,913,901,939,477,695
147,602,321,894,191,124,966,366,746,823,375,181,208,277,941,559,422,202,758,846,483,918,408,487,874,305,96,419,873,620,491,677,565,899,575,895,822,752,739,618,500,10,442,110,953,752,954,693,864,949,42,566,615,3,40,152,966,406,845,486,928,739,840,722,764,537,426,671,930,898,960,382,822,898,609,294,156,498,896,516,509,289,260,77,472,558,979,975,634,844,371,724,29,224,149,261,729,347,852,240
351,379,907,496,487,857,925,619,181,113,861,974,184,524,912,377,808,879,180,190,822,759,352,28,902,274,166,134,504,968,573,725,424,436,194,549,820,825,336,84,707,667,528,646,268,399,99,318,298,734,609,355,879,346,411,280,976,582,538,788,117,561,710,565,826,605,593,440,203,391,436,971,206,540,780,297,440,980,688,232,179,365,215,507,724,333,705,433,552,938,288,855,721,895,590,661,380,35,309,25
2,342,766,814,538,10,406,395,837,541,871,706,936,85,842,203,537,259,232,811,364,990,107,417,407,996,619,39,343,658,196,990,581,978,591,584,621,85,99,907,566,673,401,809,988,325,649,31,731,263,872,601,301,100,907,968,365,882,598,727,943,304,192,712,421,832,246,79,201,865,233,994,153,818,792,723,187,462,900,54,520,602,935,770,299,145,951,539,228,732,301,242,90,697,486,214,821,823,340,651
206,2,519,287,680,557,305,983,592,657,89,428,563,551,590,545,5,927,568,677,240,40,535,239,336,591,537,932,188,736,788,207,852,912,709,201,672,990,391,528,71,957,678,842,313,431,785,551,415,553,616,513,113,632,63,888,379,592,292,76,588,94,774,597,73,722,937,578,487,273,72,994,249,155,812,776,856,207,977,376,752,200,537,557,386,531,836,398,576,37,755,348,259,855,608,258,464,276,831,530
948,884,398,301,111,694,54,171,880,614,436,178,674,351,561,221,781,62,316,227,466,275,41,791,731,697,402,123,912,639,403,281,201,996,138,743,451,415,523,420,519,89,284,695,97,559,774,701,136,826,735,956,185,127,179,646,192,178,210,576,343,790,261,319,830,587,387,597,819,556,344,825,925,444,857,863,903,926,970,303,100,948,316,986,207,772,58,464,265,581,288,951,168,26,983,951,60,943,332,672
225,8,506,943,987,419,585,23,755,935,668,562,858,557,304,643,998,370,867,66,241,765,145,415,992,191,951,683,122,211,279,645,933,472,5,529,831,641,444,286,668,820,990,380,495,959,146,202,792,830,839,947,444,281,745,407,990,532,907,409,364,147,681,801,640,298,8,758,117,640,174,223,227,968,180,722,601,833,774,75,994,361,223,759,739,450,434,217,382,369,801,2,548,328,117,991,899,592,762,227
484,222,703,948,136,164,468,832,116,547,485,807,90,722,168,765,688,828,22,833,698,116,289,89,930,464,640,558,42,484,182,147,60,797,431,764,700,146,768,93,117,708,888,959,889,414,371,478,199,709,659,772,244,942,674,679,883,303,459,138,885,87,115,795,108,861,883,748,772,257,132,299,56,414,874,942,859,967,680,189,453,72,557,506,502,419,665,796,526,388,527,880,934,497,170,165,94,135,618,643
959,715,230,97,654,452,851,736,490,680,819,237,17,324,793,869,453,706,95,34,846,442,523,255,77,805,443,530,375,148,635,14,83,240,123,393,796,917,825,667,78,933,332,814,988,78,437,841,108,797,346,227,940,786,702,846,660,554,559,313,835,138,331,102,804,634,771,244,800,763,961,216,50,179,764,592,195,699,656,898,535,627,473,987,782,619,241,679,837,406,946,302,652,792,973,757,469,292,444,660
129,435,316,142,770,629,104,858,100,393,570,515,764,851,382,270,63,167,885,531,713,599,573,512,750,784,912,838,999,914,355,173,881,686,22,696,736,883,858,303,69,974,132,87,210,425,567,534,424,356,746,227,13,701,957,276,604,1,401,992,267,35,667,229,452,11,198,994,165,449,876,458,692,296,205,324,970,269,537,322,405,585,777,717,674,273,396,549,722,503,919,411,495,947,497,819,334,577,53,0
202,888,687,804,185,417,975,121,708,659,589,51,615,928,919,762,657,600,768,90,680,6,470,98,939,669,35,817,534,203,345,160,54,845,343,591,30,919,612,566,918,676,987,125,998,497,323,732,383,805,613,690,761,678,393,705,762,237,151,11,780,555,954,943,227,68,243,138,419,719,42,992,552,82,774,311,36,718,980,588,390,515,90,929,532,299,29,560,705,90,792,591,673,434,749,757,401,678,47,852
515,225,277,556,520,468,636,570,266,448,225,506,916,241,803,115,262,980,345,218,374,576,674,674,977,240,847,281,547,912,328,98,233,54,324,893,410,509,41,958,969,110,515,881,644,928,846,990,523,842,597,356,382,441,67,720,927,248,85,282,743,11,258,576,412,738,485,218,594,286,598,467,727,28,948,754,62,156,970,38,532,612,133,261,86,750,683,711,136,818,383,121,852,275,95,623,766,399,743,694
512,482,627,794,850,486,138,185,985,659,554,379,269,125,482,677,42,36,769,718,17,313,343,186,688,972,968,645,542,695,570,50,785,368,715,613,774,845,661,155,703,724,58,797,73,72,113,601,75,871,933,515,999,604,457,578,894,602,833,782,53,486,592,495,68,390,653,989,749,257,135,845,430,903,194,355,897,982,179,961,23,136,576,296,246,403,666,921,79,309,488,495,605,205,321,535,763,836,820,104
882,788,382,643,519,747,302,163,78,479,816,714,196,709,288,611,933,774,183,708,936,688,716,282,284,223,561,831,469,23,379,197,122,579,285,160,130,800,36,866,254,30,984,581,222,169,99,632,592,435,932,585,268,479,294,566,74,131,666,120,965,935,967,192,359,688,49,919,961,385,440,424,273,220,316,182,686,35,524,685,805,116,778,79,329,487,216,575,544,791,685,517,624,265,526,857,8,11,435,200
745,528,657,115,694,145,857,677,691,197,467,410,534,483,271,501,43,302,838,402,115,204,141,700,984,912,827,715,768,264,908,598,629,484,426,844,109,55,791,620,35,969,994,788,29,968,734,874,754,649,607,602,854,360,334,235,857,543,342,170,316,678,58,309,747,233,522,162,246,131,673,37,885,506,489,689,596,221,660,516,376,861,529,763,449,530,420,47,257,498,366,968,730,141,792,343,75,116,436,835
638,36,580,171,797,921,667,117,23,105,393,688,430,942,536,957,434,164,484,115,18,159,315,664,383,453,47,259,395,38,43,912,611,225,412,640,301,897,760,259,750,10,900,506,681,665,64,793,595,811,452,890,521,400,817,464,184,413,260,110,335,703,554,88,850,213,410,420,799,85,551,759,296,461,856,659,353,457,821,633,929,524,415,508,324,755,952,649,340,677,453,257,441,153,586,217,642,854,846,344
884,649,446,711,767,626,989,368,887,973,652,481,285,195,412,873,254,128,587,540,36,505,196,286,717,616,348,699,811,351,237,331,355,203,749,704,488,654,792,915,536,688,773,776,945,752,528,831,858,230,564,640,645,932,583,840,741,992,201,127,292,757,363,125,949,934,792,894,727,643,503,911,908,391,65,87,293,434,895,813,66,365,796,609,472,784,339,797,685,785,870,642,295,147,710,12,552,962,404,552
668,676,646,257,949,811,190,354,210,511,763,856,305,511,305,482,882,137,344,323,874,678,598,643,804,906,739,791,600,552,843,849,564,25,732,983,743,289,164,66,330,424,592,492,627,952,672,561,85,951,325,648,784,995,257,473,25,137,371,526,603,303,562,638,480,904,11,189,710,935,470,324,653,274,98,33,14,176,465,510,146,641,21,942,378,161,772,209,630,431,341,387,905,968,840,679,742,20,697,154
841,592,902,522,184,569,564,593,515,59,408,954,298,377,613,125,403,36,956,523,577,236,327,561,213,774,926,602,295,479,664,2,45,564,949,585,906,808,816,426,892,321,195,694,989,347,399,367,274,778,17,419,647,511,577,758,70,462,25,160,511,200,174,186,193,288,18,647,870,412,852,121,906,175,203,310,534,981,793,707,981,624,384,998,496,35,742,32,798,106,415,630,644,79,482,338,610,576,345,755
380,765,128,288,470,244,528,207,610,675,238,727,208,932,417,403,145,703,208,792,169,632,481,847,122,219,792,731,537,450,716,946,889,145,617,845,66,480,338,490,762,568,123,279,629,316,575,509,964,842,935,770,303,995,179,462,809,153,510,753,788,431,421,388,808,162,328,903,56,761,336,165,116,331,889,182,32,460,984,295,526,751,277,331,428,562,950,67,548,929,764,617,845,13,871,317,902,166,829,608
801,6,243,855,235,801,409,947,685,56,87,305,548,512,994,437,856,789,178,201,145,437,849,569,721,527,782,831,873,977,921,75,749,443,474,967,638,360,131,841,587,281,308,915,816,378,334,284,695,839,186,458,433,742,624,498,890,804,687,977,797,13,387,100,778,479,625,906,276,885,88,203,921,188,845,617,892,484,118,23,683,472,897,531,932,224,875,138,299,505,349,620,239,531,696,610,56,990,664,973
208,964,246,895,873,367,893,674,351,548,68,7,305,428,341,47,913,999,252,601,667,777,621,783,298,472,23,928,283,505,990,401,297,712,891,970,220,557,505,46,153,743,647,331,469,616,743,551,883,352,689,994,547,336,285,829,700,636,470,215,93,677,591,8,894,817,176,298,108,568,246,331,646,689,88,49,84,896,905,591,605,576,210,63,94,679,40,515,712,124,517,410,663,20,592,618,26,735,746,752
560,336,80,659,478,604,657,511,582,976,26,843,926,427,269,584,587,381,585,738,656,837,242,210,131,323,89,796,350,156,226,84,815,262,850,956,50,694,599,79,350,798,572,839,176,239,184,319,660,847,655,73,434,321,34,187,869,848,563,160,35,487,504,255,580,132,716,264,375,587,743,151,146,234,370,231,255,986,315,401,690,948,188,724,553,280,318,37,871,398,274,541,462,457,77,174,473,761,945,84
621,652,943,22,243,371,820,966,217,682,444,485,406,222,408,154,576,500,370,347,435,11,876,692,79,85,294,81,54,791,235,467,346,977,969,27,526,453,575,62,766,892,266,599,34,706,152,969,496,122,882,900,839,105,81,622,379,568,542,800,591,705,655,847,740,53,98,894,870,90,295,713,470,720,341,317,6,345,788,45,43,717,351,394,449,739,824,416,271,990,630,49,824,383,202,220,787,660,838,197
390,18,147,773,872,278,805,944,697,276,936,108,330,845,279,243,508,692,476,421,642,801,518,247,277,174,870,271,932,956,560,898,813,492,19,647,547,385,807,737,833,672,517,750,59,58,600,642,460,682,833,773,778,791,649,904,788,905,325,144,891,847,784,140,843,181,473,718,87,58,67,732,321,199,482,864,897,906,955,245,580,221,950,185,12,640,182,399,804,460,786,784,688,856,614,588,709,749,21,347
192,478,314,801,596,105,653,57,235,150,133,795,159,449,386,19,739,849,511,27,723,483,911,48,89,619,246,767,729,297,701,16,358,196,828,772,592,492,165,710,830,37,320,7,952,362,431,355,711,792,932,802,592,969,865,825,580,808,657,176,688,242,319,791,739,105,151,338,526,336,318,994,407,112,177,665,227,725,745,608,663,822,675,223,766,712,493,301,906,46,913,320,975,686,597,48,37,811,593,323
787,446,202,644,862,672,156,866,77,638,589,793,361,506,650,308,935,635,566,46,918,217,898,574,538,468,275,626,185,47,179,682,528,410,504,632,588,969,682,686,420,723,219,383,704,125,477,282,913,538,686,419,622,10,403,130,202,820,227,821,855,184,497,626,724,235,515,887,532,244,112,461,109,343,887,536,503,161,241,598,85,440,409,140,644,603,986,375,58,558,445,777,972,243,371,188,195,844,355,742
211,356,806,733,420,181,298,40,18,163,597,95,800,299,469,754,697,119,921,514,744,590,431,140,862,943,872,114,316,584,437,797,659,356,291,950,267,266,318,908,479,249,30,304,362,600,555,705,829,579,689,844,458,952,117,276,942,118,483,484,377,1,248,704,527,637,966,733,389,548,804,235,773,624,116,194,707,348,264,470,677,675,120,978,877,11,596,296,157,253,175,762,753,252,586,18,731,11,857,363
83,60,882,387,686,386,226,293,254,57,203,150,710,122,62,966,628,550,754,531,670,98,796,405,235,720,667,946,415,324,570,68,976,501,61,143,207,388,504,532,75,380,259,726,266,75,992,538,590,780,535,399,736,812,746,688,261,546,347,614,879,319,210,521,776,279,275,275,80,135,558,439,78,4,972,41,399,478,464,538,887,94,760,433,89,289,598,340,804,857,678,528,177,224,43,797,791,250,378,890
56,14,437,785,333,785,5,313,943,112,111,176,527,175,203,735,131,661,581,339,534,618,688,330,850,436,19,156,82,591,563,632,192,252,432,704,208,446,605,716,577,469,85,693,21,859,311,435,45,640,518,408,227,614,145,206,661,505,174,265,292,710,285,438,900,502,518,803,570,722,135,470,102,953,718,600,910,278,767,786,104,390,606,725,988,842,909,798,375,438,504,883,540,279,226,366,929,385,462,705
316,858,980,586,971,416,816,979,472,341,693,80,958,856,941,203,794,620,27,425,660,983,753,641,683,743,255,152,707,236,516,960,570,819,668,20,816,888,215,993,962,439,118,653,22,46,108,716,479,486,491,230,738,740,774,858,521,256,192,188,536,31,751,215,655,347,676,801,194,236,863,615,774,220,57,616,856,203,56,67,670,728,414,745,755,552,428,823,49,395,148,182,266,74,145,296,610,563,837,388
357,835,517,149,383,292,219,446,62,694,238,56,950,788,163,690,445,261,965,310,437,589,798,24,753,943,287,891,585,59,598,694,486,87,478,375,700,170,40,158,674,796,103,658,471,259,663,87,56,883,461,99,545,621,120,57,332,383,70,836,830,746,687,937,195,422,134,743,428,833,90,712,466,430,172,340,969,679,774,447,477,220,952,891,370,53,495,865,408,807,16,964,387,154,891,36,392,892,230,974
806,114,210,211,942,361,361,991,479,635,97,554,729,591,770,544,129,304,492,411,572,375,653,597,290,747,955,218,773,957,293,758,871,394,927,87,63,121,255,938,119,5,670,421,852,349,145,618,948,496,869,140,465,77,128,422,95,532,504,863,38,605,860,718,86,211,150,859,63,827,505,961,339,766,636,83,815,7,125,6,186,357,461,843,328,393,721,134,511,442,496,226,581,554,291,228,472,741,601,129
727,571,218,70,689,629,501,314,628,874,482,50,319,290,452,830,649,933,305,905,897,608,768,485,163,620,959,801,500,101,199,613,853,93,81,497,782,673,421,54,170,433,790,142,701,499,654,145,674,754,26,815,538,272,10,923,484,877,433,652,147,679,194,407,312,367,696,334,68,969,68,364,121,636,273,580,442,30,660,486,900,844,331,379,515,383,50,586,838,928,138,1,144,677,85,560,473,280,212,935
952,383,131,533,499,160,752,379,503,832,257,31,318,167,438,907,434,777,197,387,949,480,681,803,351,960,437,482,844,77,412,688,670,881,351,192,688,692,16,354,381,790,990,792,170,716,987,981,48,283,699,389,167,603,509,522,592,609,216,303,511,821,660,496,823,68,509,162,427,953,209,839,692,803,249,128,515,368,58,60,268,243,451,661,858,704,586,562,478,871,46,980,418,169,186,717,877,748,418,214
525,375,345,36,241,790,57,998,981,416,544,38,661,332,732,120,586,477,3,802,208,835,198,967,950,866,495,88,794,409,839,47,258,472,658,133,138,118,980,18,748,961,177,873,215,31,878,692,769,830,725,99,940,568,808,708,774,458,174,431,312,472,25,318,4,547,968,221,149,298,564,789,511,516,956,528,501,70,843,543,962,882,555,458,741,121,203,324,284,386,411,321,102,312,173,209,251,694,390,156
458,144,714,482,170,629,112,263,545,747,701,47,910,971,508,95,332,586,262,650,777,962,999,905,103,610,980,451,164,618,242,177,916,391,244,217,774,475,804,332,700,547,845,479,808,324,69,469,734,366,976,506,38,496,637,755,842,154,376,327,445,772,7,564,472,234,526,499,521,190,904,679,918,414,845,945,344,375,778,476,91,234,473,533,364,617,337,62,795,759,53,721,599,866,368,132,657,46,479,100
114,282,132,620,801,722,950,472,741,909,49,65,59,31,479,833,320,349,994,964,57,808,266,942,679,447,756,858,331,798,242,816,489,654,833,714,918,975,901,467,973,438,610,183,699,853,434,357,578,635,230,655,217,364,499,865,527,639,2,76,530,88,626,135,332,855,151,781,229,714,360,558,90,681,459,336,666,478,199,99,526,819,176,393,69,858,371,258,387,184,473,352,143,77,766,582,197,945,20,430
351,87,857,503,759,697,802,530,551,965,933,93,192,111,626,912,954,87,452,444,249,376,396,391,1,445,206,33,588,655,14,519,973,368,773,544,496,960,537,465,465,408,26,393,254,1,654,589,189,425,151,920,539,108,49,165,739,994,293,707,31,525,317,147,992,451,263,800,226,582,13,791,555,958,91,799,158,831,517,373,883,121,647,447,578,267,656,478,483,882,313,700,847,519,491,379,376,809,299,362
400,956,741,987,46,368,946,850,302,190,5,570,707,972,622,916,538,866,136,600,503,102,738,859,338,630,736,585,67,606,8,293,921,384,319,889,187,85,262,642,832,769,53,973,886,6,704,508,346,122,228,10,265,515,679,199,914,299,721,742,582,429,444,769,473,157,94,654,860,929,433,958,601,301,375,174,206,361,159,109,791,466,446,772,238,998,385,147,791,420,413,348,945,770,831,666,383,103,550,369
159,210,373,224,721,260,445,363,235,387,135,83,336,230,607,873,22,450,488,752,317,338,208,380,122,682,207,920,228,580,871,612,576,249,506,124,56,405,38,322,876,383,813,152,196,43,629,900,413,793,449,41,61,867,312,359,978,740,684,421,833,43,721,124,263,839,889,151,38,381,684,619,182,907,138,486,945,816,909,946,957,741,407,891,18,435,958,181,99,743,683,112,124,96,980,412,452,16,323,766
285,667,844,866,964,985,641,722,792,767,19,142,917,663,116,859,30,235,5,700,866,714,77,239,221,12,48,773,258,982,877,921,274,411,618,906,975,947,612,939,462,72,995,645,946,218,684,607,742,517,653,304,993,272,190,754,923,654,966,884,974,122,982,786,362,421,88,238,843,283,20,137,345,684,32,246,481,162,321,891,21,303,141,180,440,500,793,511,251,565,813,157,884,78,154,602,704,333,488,700
613,226,189,453,323,782,67,259,19,598,328,313,704,823,184,728,648,659,435,921,870,586,870,366,419,44,160,467,379,627,879,198,208,771,378,227,719,9,754,191,610,154,232,849,277,702,947,630,466,673,666,293,744,777,983,829,272,182,521,229,120,740,946,690,249,189,790,464,656,101,910,840,961,917,960,295,336,232,237,134,140,889,595,348,991,930,235,81,468,110,279,896,53,498,10,799,895,979,740,772
616,158,566,724,659,524,541,797,888,391,267,299,6,250,267,210,250,102,213,591,291,787,445,307,498,0,717,814,219,736,48,252,525,440,516,872,964,405,708,958,817,977,138,581,251,79,84,167,315,755,605,934,18,561,39,646,353,491,294,469,260,379,585,899,67,985,361,878,622,965,783,177,709,565,921,175,818,867,95,407,297,246,406,678,705,397,917,507,792,200,312,719,173,332,421,907,181,995,9,12
256,107,431,504,129,867,15,333,314,354,680,996,85,421,324,320,844,902,985,436,776,306,756,578,690,653,774,843,399,972,178,249,921,354,781,446,523,333,325,719,235,237,988,255,346,109,869,164,812,485,2,953,50,742,472,843,170,206,455,216,9,551,644,264,698,840,823,289,613,151,409,458,363,509,576,392,675,971,473,94,911,997,718,299,866,228,352,508,133,101,541,498,717,586,545,515,450,104,726,771
4,495,462,402,753,8,927,258,905,969,970,400,249,575,760,503,474,586,948,572,351,458,562,362,936,804,534,657,428,100,984,978,91,117,625,871,529,784,814,277,236,71,2,361,5,835,669,833,858,630,847,800,656,920,23,791,765,748,387,957,524,929,363,563,599,95,34,532,78,854,478,92,683,281,419,649,50,82,983,814,942,528,793,770,977,250,290,516,448,190,433,484,23,639,536,803,763,993,625,405
219,871,950,144,895,348,491,892,599,57,177,731,467,671,623,772,420,184,374,62,760,236,218,84,995,704,447,575,138,719,371,391,513,36,846,149,752,232,681,726,12,215,23,194,428,623,323,728,600,582,850,209,568,379,851,5,365,737,81,922,318,146,996,663,373,692,655,454,913,876,602,98,768,355,361,193,35,591,682,288,197,963,841,712,360,982,681,673,369,172,140,220,908,539,62,343,723,124,636,112
830,735,19,927,90,100,49,207,43,805,256,190,604,464,110,701,593,528,731,965,174,653,442,679,532,558,330,314,76,608,238,372,249,57,472,469,293,949,471,440,498,490,325,65,910,297,317,141,141,220,825,932,185,644,436,287,458,28,149,688,107,875,91,242,452,675,504,263,349,557,130,93,507,474,797,566,431,679,613,559,504,241,82,326,70,114,513,274,171,325,533,807,335,29,629,744,425,119,868,973
658,952,407,143,531,892,868,814,731,874,633,144,467,934,832,275,960,664,223,349,105,518,92,157,239,688,664,268,902,938,462,692,398,709,19,694,764,655,188,548,320,26,442,458,8,832,228,219,843,393,666,19,474,317,315,246,596,90,266,651,960,79,258,582,724,392,401,669,554,480,792,122,17,736,294,265,71,748,75,392,985,80,653,685,863,932,470,602,794,993,768,663,666,713,78,427,385,450,927,33
481,462,487,843,710,69,209,385,219,455,324,746,904,447,398,740,639,644,551,148,444,67,996,205,303,307,757,823,866,619,792,807,79,680,61,856,568,46,702,942,874,687,361,174,704,611,720,461,933,880,43,484,834,88,631,504,270,539,807,633,845,5,179,389,630,876,822,199,18,112,72,385,399,615,710,542,40,322,886,943,331,895,707,659,749,122,299,893,82,27,664,119,846,963,649,603,78,911,213,674
866,544,813,443,491,77,992,996,659,24,104,370,298,505,575,605,658,721,38,894,500,454,75,694,997,116,238,575,880,117,737,119,540,169,320,954,601,237,323,301,145,659,753,526,272,579,991,677,523,507,367,224,241,60,119,774,211,479,774,315,363,297,977,908,866,556,994,200,812,3,183,648,111,853,591,625,106,84,169,574,939,506,145,763,596,218,802,847,989,340,658,248,623,303,283,809,251,218,536,427
71,448,538,226,11,170,690,812,621,541,874,363,917,402,312,541,541,909,361,30,295,585,616,953,581,773,217,799,183,520,836,630,357,70,438,86,482,45,846,787,768,432,451,774,868,428,88,777,438,714,730,883,561,567,251,703,94,813,530,724,935,438,185,387,562,570,900,15,161,996,730,118,54,390,118,754,981,239,410,277,725,377,128,137,191,704,598,874,341,925,885,112,526,334,989,286,173,987,80,51
118,323,131,865,881,569,392,921,844,402,564,801,281,726,922,690,228,794,296,769,469,296,215,895,373,941,200,29,510,23,237,834,407,223,546,120,612,439,407,232,675,779,639,734,271,67,1,834,831,653,501,193,758,529,232,935,711,369,567,342,589,738,298,69,363,757,171,959,954,72,50,908,971,186,179,27,497,983,968,692,305,124,466,217,429,293,174,747,96,616,223,904,880,529,576,955,967,636,34,890
259,251,902,910,554,728,340,186,954,878,939,979,433,242,158,143,629,123,133,647,616,742,11,829,118,16,904,850,831,137,669,600,554,618,625,995,884,925,38,762,538,436,793,597,257,643,494,979,986,411,288,996,356,325,616,621,254,127,757,774,207,475,59,513,296,93,95,994,723,223,801,614,253,229,757,180,481,771,897,713,146,23,197,526,287,807,327,645,655,741,136,731,470,390,669,566,853,260,843,600
909,879,972,578,760,280,988,591,478,32,998,839,85,391,201,795,959,471,232,886,414,411,124,531,727,770,636,854,196,909,88,969,520,94,692,953,34,118,608,76,553,325,895,994,927,235,676,87,142,14,959,649,707,836,432,829,10,385,92,297,960,719,737,92,417,814,796,908,552,805,82,160,363,1,315,296,19,684,524,942,937,570,237,672,404,839,999,567,768,489,76,198,722,129,121,107,64,403,640,977
71,292,255,799,740,785,341,366,901,674,819,59,319,969,525,96,779,325,559,973,35,264,693,964,359,437,817,572,263,626,805,224,874,2,384,100,965,856,280,308,469,481,794,178,39,275,442,960,120,550,634,589,933,227,665,78,461,496,724,160,75,525,428,446,460,676,966,245,40,561,552,274,399,933,778,458,752,666,918,870,209,526,365,75,688,909,762,846,703,451,329,177,34,253,487,961,864,81,721,9
8,206,559,555,751,660,266,259,387,558,947,22,360,942,757,202,684,551,115,839,195,448,115,960,240,975,656,969,63,214,490,265,189,725,713,998,88,377,877,474,43,500,882,361,142,750,286,82,279,994,76,791,201,285,185,564,164,302,71,241,115,606,377,892,229,387,545,873,278,765,401,34,388,81,619,26,748,454,849,878,536,675,406,288,930,255,879,395,256,689,569,855,183,672,873,254,24,64,811,152
621,226,613,462,237,653,556,554,724,548,912,805,694,308,509,668,332,199,133,963,545,151,650,795,333,257,369,466,207,172,728,644,671,746,405,182,865,518,980,702,375,847,377,27,694,85,440,490,943,205,356,662,439,950,294,319,71,340,508,193,951,446,896,854,617,845,410,998,381,440,446,101,830,584,861,727,133,488,203,732,750,261,195,932,443,62,430,440,914,266,613,245,783,390,675,679,206,873,403,595
389,955,89,225,218,47,344,774,573,913,358,346,977,633,679,260,621,36,700,403,780,695,422,999,942,771,946,640,586,840,526,691,120,697,654,897,395,789,168,194,727,957,388,995,447,113,532,550,252,715,45,199,939,82,529,143,295,524,94,356,947,598,190,838,654,158,504,754,253,969,781,958,76,931,255,187,532,545,941,572,988,506,500,912,192,854,136,135,959,530,159,885,479,928,601,313,342,857,281,121
457,142,101,665,292,570,399,20,77,282,77,378,731,732,298,140,46,449,506,162,516,219,102,759,714,183,683,751,273,522,542,735,649,658,276,427,605,598,493,55,188,483,561,669,400,652,358,466,667,807,202,944,706,938,706,36,695,815,577,25,664,251,651,579,131,921,139,656,548,715,272,531,438,152,584,941,819,53,447,840,127,448,50,541,108,776,97,829,519,515,479,672,528,812,113,580,175,290,43,658